date,France,Germany,Italy,United Kingdom
2017-01-01,69196.0,42451.0,23270.0,32654.0
2017-01-02,74295.0,56268.0,29974.0,34421.0
2017-01-03,78852.0,62520.0,32372.0,38746.0
2017-01-04,79868.0,63664.0,32464.0,39050.0
2017-01-05,78665.0,62554.0,32375.0,41321.0
2017-01-06,81884.0,59851.0,28062.0,40553.0
2017-01-07,78066.0,56255.0,29396.0,35557.0
2017-01-08,70772.0,51209.0,27728.0,34482.0
2017-01-09,75234.0,63913.0,37616.0,37590.0
2017-01-10,74979.0,65782.0,40184.0,38153.0
2017-01-11,73055.0,66866.0,40713.0,38061.0
2017-01-12,71919.0,65496.0,40319.0,40426.0
2017-01-13,74411.0,65506.0,39728.0,40476.0
2017-01-14,70878.0,56065.0,32092.0,37340.0
2017-01-15,69603.0,52008.0,28656.0,35838.0
2017-01-16,76664.0,64849.0,38272.0,38863.0
2017-01-17,81894.0,66549.0,40061.0,39009.0
2017-01-18,85369.0,66765.0,39969.0,39760.0
2017-01-19,86224.0,66731.0,39620.0,39352.0
2017-01-20,85156.0,65304.0,39156.0,39140.0
2017-01-21,78943.0,56396.0,32461.0,37477.0
2017-01-22,75738.0,52545.0,28322.0,37030.0
2017-01-23,81811.0,66278.0,37585.0,41090.0
2017-01-24,83576.0,67232.0,38697.0,39909.0
2017-01-25,84905.0,67025.0,38785.0,39865.0
2017-01-26,84093.0,66595.0,38849.0,42496.0
2017-01-27,78808.0,65748.0,38519.0,41906.0
2017-01-28,67697.0,56382.0,31898.0,37098.0
2017-01-29,64452.0,52231.0,27828.0,36814.0
2017-01-30,69841.0,65049.0,36966.0,40238.0
2017-01-31,67020.0,64990.0,38901.0,38591.0
2017-02-01,65741.0,65306.0,38586.0,39265.0
2017-02-02,65309.0,64874.0,38613.0,39189.0
2017-02-03,65949.0,63089.0,37824.0,38805.0
2017-02-04,61776.0,54281.0,31176.0,36343.0
2017-02-05,59401.0,49746.0,27532.0,36721.0
2017-02-06,72226.0,63050.0,36450.0,40155.0
2017-02-07,68846.0,65301.0,37246.0,39842.0
2017-02-08,70644.0,65569.0,38014.0,40311.0
2017-02-09,73073.0,65939.0,38318.0,41682.0
2017-02-10,73508.0,65329.0,38145.0,41838.0
2017-02-11,69683.0,55743.0,31418.0,39277.0
2017-02-12,64338.0,51639.0,27119.0,38465.0
2017-02-13,67411.0,65045.0,36011.0,40640.0
2017-02-14,66221.0,64898.0,36519.0,40656.0
2017-02-15,63482.0,64050.0,36154.0,39823.0
2017-02-16,63470.0,63934.0,35960.0,38005.0
2017-02-17,63422.0,63232.0,35976.0,38811.0
2017-02-18,58648.0,53578.0,30023.0,34790.0
2017-02-19,57328.0,49924.0,26369.0,34183.0
2017-02-20,63371.0,63835.0,34823.0,35280.0
2017-02-21,62128.0,64141.0,36791.0,37702.0
2017-02-22,61580.0,65204.0,36367.0,37224.0
2017-02-23,62230.0,64218.0,36034.0,38723.0
2017-02-24,63222.0,62281.0,35891.0,38834.0
2017-02-25,59635.0,53066.0,29674.0,34865.0
2017-02-26,55537.0,48424.0,26109.0,34467.0
2017-02-27,62812.0,59735.0,34130.0,39850.0
2017-02-28,66327.0,62876.0,36018.0,41452.0
2017-03-01,66568.0,63212.0,35282.0,40413.0
2017-03-02,63204.0,64103.0,34887.0,39481.0
2017-03-03,61268.0,60861.0,35264.0,40186.0
2017-03-04,57014.0,51013.0,29328.0,36218.0
2017-03-05,57105.0,48427.0,25527.0,35941.0
2017-03-06,64923.0,61275.0,34084.0,39707.0
2017-03-07,66225.0,62928.0,35768.0,39276.0
2017-03-08,64290.0,63801.0,35548.0,38903.0
2017-03-09,60042.0,62931.0,34558.0,37264.0
2017-03-10,57904.0,60789.0,34123.0,38607.0
2017-03-11,51367.0,51493.0,28990.0,34949.0
2017-03-12,49542.0,47444.0,25259.0,34082.0
2017-03-13,56942.0,59582.0,33707.0,37844.0
2017-03-14,58260.0,60766.0,35223.0,37515.0
2017-03-15,57351.0,60760.0,35015.0,37318.0
2017-03-16,55959.0,59813.0,34470.0,38050.0
2017-03-17,55053.0,59818.0,34889.0,37949.0
2017-03-18,51132.0,52995.0,28414.0,33932.0
2017-03-19,47821.0,49470.0,24929.0,31788.0
2017-03-20,55477.0,60647.0,32600.0,37125.0
2017-03-21,57606.0,61211.0,34627.0,37514.0
2017-03-22,59735.0,61720.0,35110.0,38889.0
2017-03-23,60304.0,60973.0,34626.0,39105.0
2017-03-24,59812.0,59972.0,34114.0,38467.0
2017-03-25,52170.0,49953.0,27446.0,34492.0
2017-03-26,48326.0,45353.0,24400.0,33606.0
2017-03-27,53672.0,58556.0,32376.0,38488.0
2017-03-28,53233.0,58976.0,33277.0,38035.0
2017-03-29,52411.0,59859.0,33925.0,37406.0
2017-03-30,51354.0,58918.0,33677.0,35850.0
2017-03-31,49612.0,57647.0,33169.0,34777.0
2017-04-01,46937.0,47953.0,27746.0,32894.0
2017-04-02,45802.0,43991.0,24577.0,32126.0
2017-04-03,52112.0,57141.0,32077.0,35724.0
2017-04-04,52751.0,57704.0,33889.0,36172.0
2017-04-05,52825.0,59415.0,33984.0,35437.0
2017-04-06,53657.0,59652.0,33952.0,35251.0
2017-04-07,52865.0,58652.0,33767.0,35238.0
2017-04-08,45452.0,48652.0,27619.0,31889.0
2017-04-09,41613.0,44651.0,23876.0,30354.0
2017-04-10,48523.0,58191.0,31883.0,34262.0
2017-04-11,50476.0,58739.0,33325.0,34757.0
2017-04-12,50688.0,59416.0,33543.0,34914.0
2017-04-13,50985.0,57754.0,33180.0,35132.0
2017-04-14,49976.0,45339.0,31685.0,32593.0
2017-04-15,45960.0,46988.0,25326.0,30113.0
2017-04-16,43389.0,42387.0,20606.0,30250.0
2017-04-17,44861.0,43534.0,20830.0,32245.0
2017-04-18,53348.0,58227.0,31197.0,35509.0
2017-04-19,55640.0,59583.0,33199.0,35713.0
2017-04-20,56872.0,59471.0,33480.0,35933.0
2017-04-21,55033.0,59094.0,33475.0,35002.0
2017-04-22,47952.0,50779.0,27321.0,31613.0
2017-04-23,44696.0,46566.0,23821.0,30798.0
2017-04-24,51426.0,59178.0,27675.0,35880.0
2017-04-25,53952.0,60092.0,24035.0,37395.0
2017-04-26,57124.0,60271.0,32602.0,37754.0
2017-04-27,58951.0,60071.0,33703.0,37481.0
2017-04-28,58034.0,58769.0,32734.0,36463.0
2017-04-29,49531.0,47949.0,26830.0,32654.0
2017-04-30,45697.0,44387.0,22966.0,30389.0
2017-05-01,45837.0,44968.0,21805.0,32330.0
2017-05-02,54096.0,59109.0,31501.0,35530.0
2017-05-03,54900.0,59954.0,33367.0,35464.0
2017-05-04,54108.0,60698.0,33572.0,34689.0
2017-05-05,51852.0,58208.0,32690.0,34660.0
2017-05-06,46526.0,48581.0,27686.0,31675.0
2017-05-07,43559.0,45075.0,23533.0,30720.0
2017-05-08,45328.0,58566.0,31404.0,35507.0
2017-05-09,51094.0,57907.0,32790.0,35470.0
2017-05-10,50590.0,57684.0,33010.0,34861.0
2017-05-11,50200.0,57571.0,33225.0,34868.0
2017-05-12,48808.0,56947.0,33083.0,34683.0
2017-05-13,42939.0,47966.0,26981.0,30242.0
2017-05-14,40130.0,43567.0,23223.0,29590.0
2017-05-15,47295.0,56268.0,31601.0,33290.0
2017-05-16,47498.0,58018.0,33243.0,33358.0
2017-05-17,47367.0,58345.0,33540.0,34306.0
2017-05-18,47736.0,58390.0,33802.0,34246.0
2017-05-19,47367.0,57260.0,33713.0,34379.0
2017-05-20,42499.0,47602.0,27422.0,30545.0
2017-05-21,39495.0,43465.0,23699.0,29686.0
2017-05-22,46482.0,55875.0,31585.0,33489.0
2017-05-23,46984.0,57652.0,33687.0,33977.0
2017-05-24,46981.0,56702.0,34227.0,33538.0
2017-05-25,40315.0,44158.0,33971.0,34352.0
2017-05-26,42633.0,50039.0,33596.0,32661.0
2017-05-27,40697.0,46583.0,28059.0,28478.0
2017-05-28,38751.0,43983.0,24557.0,27897.0
2017-05-29,46959.0,57271.0,33188.0,28936.0
2017-05-30,47700.0,58596.0,35384.0,31764.0
2017-05-31,47860.0,58047.0,35449.0,32929.0
2017-06-01,48184.0,56880.0,34621.0,32202.0
2017-06-02,47788.0,56239.0,26549.0,32331.0
2017-06-03,41590.0,46946.0,27614.0,28754.0
2017-06-04,37677.0,41242.0,25303.0,27913.0
2017-06-05,39375.0,41859.0,34488.0,32641.0
2017-06-06,45523.0,56351.0,36237.0,33756.0
2017-06-07,46285.0,58595.0,35522.0,32837.0
2017-06-08,47118.0,56900.0,35304.0,33332.0
2017-06-09,46835.0,56617.0,35291.0,33171.0
2017-06-10,41912.0,47198.0,29594.0,29205.0
2017-06-11,39525.0,44176.0,25880.0,27474.0
2017-06-12,47157.0,57932.0,35730.0,31727.0
2017-06-13,48851.0,58053.0,38053.0,33397.0
2017-06-14,49301.0,56175.0,38815.0,33379.0
2017-06-15,49493.0,49795.0,38556.0,32836.0
2017-06-16,48410.0,53962.0,39235.0,31541.0
2017-06-17,43071.0,47197.0,32584.0,29880.0
2017-06-18,40746.0,43888.0,26782.0,29249.0
2017-06-19,49844.0,57377.0,36128.0,33740.0
2017-06-20,51576.0,59066.0,38474.0,33448.0
2017-06-21,52273.0,58562.0,39609.0,33162.0
2017-06-22,52054.0,59808.0,40257.0,32850.0
2017-06-23,49902.0,58642.0,40711.0,31143.0
2017-06-24,43494.0,49251.0,34477.0,28027.0
2017-06-25,40459.0,45043.0,29486.0,27071.0
2017-06-26,48905.0,57300.0,38976.0,31773.0
2017-06-27,49460.0,57874.0,40652.0,32065.0
2017-06-28,48059.0,58167.0,39907.0,32692.0
2017-06-29,47121.0,57821.0,37745.0,33007.0
2017-06-30,46588.0,57362.0,37062.0,32610.0
2017-07-01,41314.0,48078.0,29911.0,28799.0
2017-07-02,39383.0,44268.0,25998.0,27711.0
2017-07-03,46726.0,56205.0,35290.0,32066.0
2017-07-04,48338.0,57774.0,37373.0,33517.0
2017-07-05,49249.0,58299.0,38705.0,33718.0
2017-07-06,50075.0,58661.0,39463.0,34602.0
2017-07-07,50005.0,58295.0,40174.0,33655.0
2017-07-08,43935.0,49075.0,34174.0,29696.0
2017-07-09,40648.0,44635.0,30211.0,28985.0
2017-07-10,47474.0,57949.0,39702.0,33406.0
2017-07-11,48073.0,58499.0,41097.0,34057.0
2017-07-12,48802.0,58838.0,41559.0,33370.0
2017-07-13,48321.0,57462.0,42241.0,33248.0
2017-07-14,41279.0,56636.0,40552.0,32323.0
2017-07-15,41294.0,47271.0,32783.0,29033.0
2017-07-16,40269.0,43809.0,27222.0,28683.0
2017-07-17,48747.0,56437.0,36431.0,32329.0
2017-07-18,49995.0,57839.0,38949.0,33176.0
2017-07-19,49704.0,58520.0,39966.0,34783.0
2017-07-20,48306.0,57686.0,40122.0,32931.0
2017-07-21,47592.0,56229.0,40400.0,32514.0
2017-07-22,41873.0,47738.0,34111.0,29402.0
2017-07-23,39052.0,43284.0,30675.0,28730.0
2017-07-24,45965.0,55183.0,39187.0,31733.0
2017-07-25,46903.0,56808.0,38547.0,32731.0
2017-07-26,46923.0,56874.0,37851.0,32432.0
2017-07-27,46929.0,56989.0,37714.0,31784.0
2017-07-28,45903.0,54869.0,37923.0,31181.0
2017-07-29,41083.0,46717.0,32860.0,28477.0
2017-07-30,38482.0,43626.0,28807.0,27514.0
2017-07-31,44592.0,55210.0,38469.0,31319.0
2017-08-01,45558.0,56603.0,41509.0,31711.0
2017-08-02,45766.0,56552.0,42598.0,32095.0
2017-08-03,45766.0,57424.0,42965.0,31422.0
2017-08-04,45336.0,55934.0,42067.0,31207.0
2017-08-05,40683.0,46095.0,36257.0,28559.0
2017-08-06,37691.0,41732.0,31492.0,27533.0
2017-08-07,42524.0,53991.0,35066.0,31857.0
2017-08-08,42289.0,56075.0,35063.0,32755.0
2017-08-09,42093.0,56394.0,35563.0,32803.0
2017-08-10,42043.0,55928.0,34206.0,32386.0
2017-08-11,41629.0,54768.0,30792.0,32015.0
2017-08-12,38115.0,45791.0,26163.0,28919.0
2017-08-13,36505.0,41865.0,23480.0,27993.0
2017-08-14,40298.0,53287.0,26130.0,32481.0
2017-08-15,38112.0,54336.0,23620.0,32453.0
2017-08-16,42239.0,55900.0,27678.0,32523.0
2017-08-17,42945.0,56637.0,28873.0,32681.0
2017-08-18,43005.0,55797.0,29895.0,31730.0
2017-08-19,38522.0,46378.0,28007.0,27292.0
2017-08-20,37140.0,42519.0,25292.0,28382.0
2017-08-21,43903.0,54775.0,29761.0,33012.0
2017-08-22,45485.0,55193.0,30755.0,33565.0
2017-08-23,45861.0,55661.0,31815.0,33513.0
2017-08-24,47044.0,56523.0,32881.0,32620.0
2017-08-25,47243.0,55315.0,33795.0,31898.0
2017-08-26,42245.0,46588.0,30518.0,29563.0
2017-08-27,39556.0,42946.0,28674.0,28424.0
2017-08-28,47788.0,55370.0,37753.0,28355.0
2017-08-29,49040.0,56884.0,38414.0,33372.0
2017-08-30,48480.0,57668.0,38794.0,33475.0
2017-08-31,47152.0,56908.0,39194.0,33364.0
2017-09-01,46406.0,54680.0,38527.0,32422.0
2017-09-02,41152.0,45574.0,30594.0,29807.0
2017-09-03,39189.0,42228.0,25554.0,29064.0
2017-09-04,46754.0,55085.0,34124.0,33639.0
2017-09-05,47794.0,56700.0,36188.0,34307.0
2017-09-06,47418.0,57979.0,36887.0,33477.0
2017-09-07,47576.0,56667.0,37093.0,33917.0
2017-09-08,47174.0,57338.0,35882.0,33258.0
2017-09-09,41379.0,47687.0,29562.0,30396.0
2017-09-10,39024.0,43633.0,26141.0,29389.0
2017-09-11,46593.0,57457.0,34173.0,32045.0
2017-09-12,47097.0,58438.0,35728.0,32584.0
2017-09-13,48675.0,60109.0,35568.0,33105.0
2017-09-14,48408.0,59442.0,36209.0,33655.0
2017-09-15,48510.0,57028.0,35648.0,33501.0
2017-09-16,43789.0,47612.0,29300.0,30540.0
2017-09-17,42339.0,43835.0,25486.0,29761.0
2017-09-18,49872.0,56912.0,33768.0,32950.0
2017-09-19,50837.0,57777.0,35435.0,33393.0
2017-09-20,50860.0,57981.0,34993.0,32705.0
2017-09-21,49801.0,57540.0,34596.0,33723.0
2017-09-22,49281.0,56655.0,34453.0,33085.0
2017-09-23,43467.0,48059.0,28610.0,30199.0
2017-09-24,40676.0,44715.0,25123.0,29658.0
2017-09-25,48352.0,57579.0,33669.0,34024.0
2017-09-26,49317.0,58137.0,34984.0,34140.0
2017-09-27,48997.0,58602.0,35034.0,33786.0
2017-09-28,49079.0,58784.0,34917.0,34053.0
2017-09-29,48229.0,57795.0,34614.0,34288.0
2017-09-30,43335.0,48876.0,28363.0,31517.0
2017-10-01,41358.0,43881.0,24724.0,30171.0
2017-10-02,48596.0,53504.0,33462.0,31639.0
2017-10-03,49354.0,47434.0,35136.0,33095.0
2017-10-04,50029.0,58436.0,35249.0,32762.0
2017-10-05,50214.0,59914.0,35181.0,33518.0
2017-10-06,50438.0,59431.0,34852.0,34422.0
2017-10-07,45849.0,50137.0,28479.0,30799.0
2017-10-08,43205.0,46066.0,24589.0,31360.0
2017-10-09,50395.0,59064.0,33470.0,33491.0
2017-10-10,50668.0,60628.0,35215.0,31872.0
2017-10-11,50322.0,60688.0,35078.0,32339.0
2017-10-12,49981.0,60636.0,35250.0,32701.0
2017-10-13,49212.0,58988.0,34738.0,31179.0
2017-10-14,43639.0,49526.0,28435.0,30827.0
2017-10-15,40875.0,44805.0,24660.0,30040.0
2017-10-16,48024.0,58315.0,33672.0,33026.0
2017-10-17,49422.0,60356.0,35318.0,32648.0
2017-10-18,49621.0,59983.0,35111.0,33565.0
2017-10-19,49228.0,59935.0,35208.0,33426.0
2017-10-20,49209.0,60046.0,35253.0,32679.0
2017-10-21,44222.0,50421.0,29193.0,30954.0
2017-10-22,43408.0,46846.0,25782.0,30330.0
2017-10-23,52173.0,60159.0,33799.0,33630.0
2017-10-24,51951.0,61300.0,35418.0,32479.0
2017-10-25,51292.0,61673.0,35310.0,31782.0
2017-10-26,51594.0,60800.0,34895.0,33682.0
2017-10-27,51120.0,59720.0,34827.0,32426.0
2017-10-28,47245.0,51605.0,28852.0,30726.0
2017-10-29,45917.0,48557.0,25254.0,30729.0
2017-10-30,54404.0,54097.0,33713.0,35447.0
2017-10-31,57907.0,48605.0,34148.0,34757.0
2017-11-01,51609.0,54444.0,26059.0,36359.0
2017-11-02,55785.0,59765.0,34045.0,35144.0
2017-11-03,54879.0,59276.0,34940.0,33871.0
2017-11-04,49491.0,52151.0,29245.0,34007.0
2017-11-05,49124.0,47616.0,25685.0,33609.0
2017-11-06,61011.0,60701.0,34632.0,36317.0
2017-11-07,64688.0,62542.0,36609.0,35061.0
2017-11-08,65604.0,62061.0,36528.0,35159.0
2017-11-09,64587.0,62400.0,36669.0,35019.0
2017-11-10,62444.0,62810.0,36150.0,33758.0
2017-11-11,53799.0,54085.0,30095.0,34080.0
2017-11-12,51788.0,49875.0,26377.0,34423.0
2017-11-13,63263.0,62148.0,36216.0,38087.0
2017-11-14,66551.0,63511.0,37591.0,35814.0
2017-11-15,66552.0,62014.0,37266.0,35180.0
2017-11-16,66624.0,63936.0,37095.0,34226.0
2017-11-17,65256.0,62851.0,36851.0,34903.0
2017-11-18,60102.0,55074.0,30725.0,32486.0
2017-11-19,57732.0,50323.0,26838.0,34106.0
2017-11-20,65704.0,63579.0,35729.0,35299.0
2017-11-21,64589.0,63968.0,36907.0,34736.0
2017-11-22,61835.0,63624.0,36926.0,35108.0
2017-11-23,59364.0,64819.0,36650.0,35635.0
2017-11-24,59587.0,62916.0,36568.0,36609.0
2017-11-25,56822.0,54522.0,30752.0,36454.0
2017-11-26,59360.0,51463.0,27034.0,36248.0
2017-11-27,68008.0,65770.0,36470.0,37544.0
2017-11-28,69161.0,65868.0,38637.0,38302.0
2017-11-29,71031.0,64429.0,38892.0,37592.0
2017-11-30,73796.0,64824.0,38050.0,38041.0
2017-12-01,75152.0,63595.0,38342.0,37827.0
2017-12-02,71978.0,55955.0,32115.0,35562.0
2017-12-03,70521.0,53269.0,28512.0,34225.0
2017-12-04,74056.0,66091.0,37907.0,36696.0
2017-12-05,73269.0,66872.0,39570.0,36694.0
2017-12-06,73829.0,66574.0,39445.0,35997.0
2017-12-07,73818.0,66607.0,38525.0,36470.0
2017-12-08,71812.0,65814.0,29891.0,39072.0
2017-12-09,69250.0,56871.0,30405.0,37119.0
2017-12-10,64882.0,53025.0,29011.0,39589.0
2017-12-11,69680.0,65650.0,38393.0,42847.0
2017-12-12,73088.0,67119.0,39086.0,43034.0
2017-12-13,73131.0,67242.0,39239.0,41945.0
2017-12-14,70642.0,67130.0,39146.0,41975.0
2017-12-15,70609.0,63857.0,38504.0,41184.0
2017-12-16,66988.0,55765.0,32400.0,40096.0
2017-12-17,66279.0,52230.0,28822.0,38653.0
2017-12-18,71808.0,64115.0,38210.0,40643.0
2017-12-19,74539.0,64195.0,39709.0,40100.0
2017-12-20,73670.0,62727.0,39298.0,38227.0
2017-12-21,69626.0,61406.0,38735.0,37860.0
2017-12-22,65683.0,57338.0,36059.0,36816.0
2017-12-23,58854.0,50628.0,29166.0,34313.0
2017-12-24,57519.0,45242.0,25269.0,32278.0
2017-12-25,56937.0,44179.0,22808.0,30256.0
2017-12-26,61885.0,45340.0,23912.0,32120.0
2017-12-27,64688.0,51044.0,30341.0,36626.0
2017-12-28,68287.0,52455.0,30773.0,37704.0
2017-12-29,67845.0,51916.0,30536.0,38333.0
2017-12-30,57431.0,48391.0,27323.0,35414.0
2017-12-31,53501.0,44241.0,25034.0,33053.0
2018-01-01,54592.0,44307.0,24195.0,33338.0
2018-01-02,61515.0,56791.0,30896.0,39282.0
2018-01-03,62367.0,61558.0,32577.0,39751.0
2018-01-04,61778.0,61142.0,32306.0,40728.0
2018-01-05,61478.0,59836.0,32550.0,40915.0
2018-01-06,58675.0,51078.0,26723.0,38794.0
2018-01-07,57572.0,49332.0,25491.0,38114.0
2018-01-08,66566.0,63375.0,34571.0,43407.0
2018-01-09,67877.0,64599.0,35560.0,43230.0
2018-01-10,66606.0,62439.0,36041.0,41864.0
2018-01-11,68021.0,62770.0,36456.0,42103.0
2018-01-12,69506.0,62107.0,37331.0,42190.0
2018-01-13,64976.0,54295.0,31466.0,38251.0
2018-01-14,62876.0,50669.0,28241.0,37745.0
2018-01-15,69356.0,65211.0,36911.0,40680.0
2018-01-16,67118.0,66336.0,38607.0,42036.0
2018-01-17,68962.0,66814.0,38525.0,42609.0
2018-01-18,68029.0,66506.0,38150.0,42439.0
2018-01-19,67667.0,63284.0,37883.0,42424.0
2018-01-20,63028.0,54638.0,31672.0,39599.0
2018-01-21,58387.0,50330.0,27466.0,39670.0
2018-01-22,63412.0,63074.0,36728.0,40803.0
2018-01-23,63997.0,64290.0,38184.0,39860.0
2018-01-24,62399.0,64897.0,38151.0,40032.0
2018-01-25,64176.0,63510.0,38513.0,40502.0
2018-01-26,66537.0,61583.0,38160.0,40720.0
2018-01-27,63143.0,53381.0,31646.0,36848.0
2018-01-28,58913.0,50162.0,27412.0,35080.0
2018-01-29,65071.0,63576.0,36463.0,38859.0
2018-01-30,65752.0,64000.0,38328.0,40921.0
2018-01-31,66194.0,65509.0,38486.0,40703.0
2018-02-01,69445.0,65081.0,38527.0,41392.0
2018-02-02,71660.0,63376.0,38021.0,40805.0
2018-02-03,67031.0,53671.0,31650.0,39261.0
2018-02-04,65716.0,50499.0,27741.0,37896.0
2018-02-05,76765.0,63102.0,36839.0,42730.0
2018-02-06,78120.0,64143.0,38592.0,43014.0
2018-02-07,79615.0,65030.0,39016.0,42570.0
2018-02-08,79977.0,64846.0,38441.0,41270.0
2018-02-09,79092.0,64666.0,38021.0,41497.0
2018-02-10,71540.0,55261.0,31849.0,38632.0
2018-02-11,66097.0,51661.0,27904.0,36955.0
2018-02-12,73839.0,62610.0,37475.0,41697.0
2018-02-13,78244.0,63263.0,38598.0,42101.0
2018-02-14,77008.0,64454.0,39257.0,42461.0
2018-02-15,70751.0,66279.0,39256.0,40439.0
2018-02-16,68105.0,63244.0,38684.0,40625.0
2018-02-17,62365.0,54871.0,31910.0,37006.0
2018-02-18,61811.0,50511.0,28195.0,36926.0
2018-02-19,70251.0,62580.0,37502.0,39681.0
2018-02-20,70027.0,63696.0,38869.0,38732.0
2018-02-21,72236.0,63463.0,38958.0,40798.0
2018-02-22,76001.0,63890.0,39148.0,41740.0
2018-02-23,76632.0,63654.0,39257.0,42189.0
2018-02-24,71311.0,55595.0,31841.0,38103.0
2018-02-25,69306.0,51974.0,28789.0,38179.0
2018-02-26,81090.0,65844.0,38267.0,43174.0
2018-02-27,86023.0,67483.0,39884.0,42258.0
2018-02-28,88357.0,68084.0,40610.0,42665.0
2018-03-01,82939.0,67453.0,40752.0,45195.0
2018-03-02,75543.0,66874.0,39919.0,45213.0
2018-03-03,65846.0,57006.0,33317.0,41835.0
2018-03-04,61288.0,51348.0,28283.0,39698.0
2018-03-05,66334.0,61442.0,37397.0,42082.0
2018-03-06,66286.0,62188.0,38682.0,41354.0
2018-03-07,66783.0,63163.0,38059.0,41230.0
2018-03-08,66570.0,63798.0,36743.0,40874.0
2018-03-09,63223.0,63040.0,36041.0,40549.0
2018-03-10,54282.0,52787.0,30138.0,36147.0
2018-03-11,50008.0,47832.0,26866.0,34608.0
2018-03-12,59049.0,60840.0,35067.0,39498.0
2018-03-13,61747.0,63283.0,35849.0,39648.0
2018-03-14,61213.0,62225.0,36052.0,38740.0
2018-03-15,61175.0,63945.0,36838.0,38571.0
2018-03-16,60766.0,63703.0,35542.0,37622.0
2018-03-17,59276.0,57798.0,30265.0,37676.0
2018-03-18,61331.0,54408.0,27050.0,39073.0
2018-03-19,72037.0,64390.0,36273.0,42350.0
2018-03-20,73483.0,66034.0,37625.0,41986.0
2018-03-21,72342.0,65213.0,37627.0,39721.0
2018-03-22,71034.0,65502.0,37394.0,37313.0
2018-03-23,68189.0,63245.0,36725.0,36740.0
2018-03-24,59503.0,52824.0,30575.0,35556.0
2018-03-25,55174.0,48089.0,26374.0,33848.0
2018-03-26,61699.0,61151.0,35369.0,37787.0
2018-03-27,63450.0,61182.0,35707.0,38206.0
2018-03-28,61796.0,62968.0,35403.0,39010.0
2018-03-29,62080.0,61015.0,35556.0,38662.0
2018-03-30,61987.0,48315.0,33303.0,35925.0
2018-03-31,57219.0,48376.0,27105.0,34318.0
2018-04-01,53848.0,44804.0,21691.0,34153.0
2018-04-02,52744.0,44997.0,21704.0,34987.0
2018-04-03,56870.0,58880.0,33149.0,37059.0
2018-04-04,57083.0,60148.0,36170.0,37897.0
2018-04-05,57518.0,62121.0,35034.0,37479.0
2018-04-06,54966.0,59577.0,33813.0,36098.0
2018-04-07,47517.0,50528.0,27650.0,33296.0
2018-04-08,44997.0,45489.0,24038.0,32597.0
2018-04-09,53085.0,57573.0,33837.0,36821.0
2018-04-10,54921.0,60010.0,34713.0,37837.0
2018-04-11,55822.0,60934.0,35122.0,37610.0
2018-04-12,56142.0,60419.0,35318.0,38180.0
2018-04-13,54132.0,59775.0,33778.0,37257.0
2018-04-14,48226.0,49556.0,27766.0,33302.0
2018-04-15,44894.0,44433.0,24735.0,32744.0
2018-04-16,51324.0,57150.0,32628.0,35233.0
2018-04-17,50430.0,57741.0,33857.0,34544.0
2018-04-18,47741.0,57720.0,33886.0,34424.0
2018-04-19,46946.0,58079.0,33778.0,33987.0
2018-04-20,46939.0,57463.0,33740.0,33362.0
2018-04-21,41276.0,48540.0,28172.0,30101.0
2018-04-22,38596.0,44347.0,24469.0,29241.0
2018-04-23,45640.0,57675.0,32760.0,32632.0
2018-04-24,46680.0,58734.0,33793.0,34232.0
2018-04-25,47403.0,59879.0,25705.0,34289.0
2018-04-26,47962.0,59773.0,33106.0,33813.0
2018-04-27,47987.0,57720.0,33367.0,35375.0
2018-04-28,43350.0,49063.0,27740.0,32775.0
2018-04-29,42942.0,44463.0,24455.0,31804.0
2018-04-30,50464.0,53406.0,27373.0,35981.0
2018-05-01,45151.0,46257.0,22840.0,35272.0
2018-05-02,52142.0,58193.0,33471.0,35366.0
2018-05-03,51264.0,59251.0,35081.0,35066.0
2018-05-04,49454.0,58319.0,34722.0,33968.0
2018-05-05,42704.0,49090.0,28847.0,30249.0
2018-05-06,39062.0,45176.0,24568.0,28439.0
2018-05-07,43587.0,58399.0,33156.0,29620.0
2018-05-08,40363.0,59589.0,34706.0,33448.0
2018-05-09,43468.0,58903.0,35184.0,33651.0
2018-05-10,40485.0,47284.0,35317.0,33479.0
2018-05-11,43693.0,52534.0,34468.0,32646.0
2018-05-12,41793.0,48121.0,28653.0,31162.0
2018-05-13,41393.0,45166.0,24735.0,30081.0
2018-05-14,50441.0,58857.0,32973.0,32450.0
2018-05-15,50573.0,59392.0,34101.0,32821.0
2018-05-16,49023.0,59627.0,33633.0,32377.0
2018-05-17,48505.0,60067.0,34316.0,33508.0
2018-05-18,47265.0,58531.0,33663.0,32959.0
2018-05-19,41527.0,48538.0,27730.0,29213.0
2018-05-20,38685.0,42572.0,24025.0,28633.0
2018-05-21,40547.0,44311.0,32821.0,33035.0
2018-05-22,46479.0,57949.0,35179.0,32182.0
2018-05-23,46735.0,59730.0,35097.0,33228.0
2018-05-24,47005.0,59905.0,34775.0,33847.0
2018-05-25,46912.0,58483.0,34568.0,33198.0
2018-05-26,40921.0,49611.0,28802.0,28697.0
2018-05-27,38796.0,45491.0,25535.0,27394.0
2018-05-28,46198.0,59246.0,34340.0,28720.0
2018-05-29,46768.0,60612.0,36072.0,31863.0
2018-05-30,47244.0,59156.0,36988.0,32520.0
2018-05-31,47097.0,51165.0,36396.0,32497.0
2018-06-01,46173.0,54735.0,35226.0,32481.0
2018-06-02,40595.0,48265.0,26769.0,29838.0
2018-06-03,38068.0,44692.0,25722.0,29049.0
2018-06-04,45806.0,58208.0,35364.0,33034.0
2018-06-05,46775.0,59841.0,36452.0,32632.0
2018-06-06,47032.0,60288.0,36557.0,32727.0
2018-06-07,46662.0,60544.0,36869.0,32905.0
2018-06-08,46105.0,59449.0,36344.0,32320.0
2018-06-09,41027.0,50454.0,29897.0,29011.0
2018-06-10,38725.0,46356.0,26442.0,28918.0
2018-06-11,46260.0,59716.0,36604.0,32223.0
2018-06-12,46221.0,59772.0,38033.0,32747.0
2018-06-13,45864.0,59447.0,37283.0,32057.0
2018-06-14,46512.0,59554.0,36731.0,30991.0
2018-06-15,46262.0,58557.0,36140.0,31942.0
2018-06-16,40545.0,49077.0,30224.0,29346.0
2018-06-17,37905.0,45286.0,26708.0,28505.0
2018-06-18,45411.0,59252.0,36277.0,31883.0
2018-06-19,47162.0,60721.0,38523.0,32657.0
2018-06-20,47821.0,60954.0,39435.0,31703.0
2018-06-21,47080.0,60941.0,39634.0,31157.0
2018-06-22,45397.0,58649.0,38852.0,31195.0
2018-06-23,40175.0,48772.0,30761.0,28403.0
2018-06-24,37989.0,44762.0,26563.0,27832.0
2018-06-25,45909.0,58400.0,35119.0,32274.0
2018-06-26,47333.0,59263.0,36785.0,32988.0
2018-06-27,47626.0,59284.0,36991.0,32424.0
2018-06-28,47513.0,59973.0,36547.0,31564.0
2018-06-29,47417.0,58571.0,36534.0,31897.0
2018-06-30,43083.0,49126.0,32081.0,29330.0
2018-07-01,40342.0,45169.0,27796.0,29153.0
2018-07-02,47934.0,58353.0,38078.0,32303.0
2018-07-03,49245.0,60002.0,40374.0,32419.0
2018-07-04,49081.0,60396.0,40805.0,32747.0
2018-07-05,48056.0,60561.0,40769.0,33854.0
2018-07-06,47351.0,59084.0,40228.0,32713.0
2018-07-07,42464.0,48780.0,33041.0,30487.0
2018-07-08,40112.0,44524.0,29104.0,29907.0
2018-07-09,47657.0,57597.0,38808.0,33991.0
2018-07-10,48384.0,57753.0,40522.0,33726.0
2018-07-11,47915.0,57369.0,39711.0,33371.0
2018-07-12,48396.0,57263.0,40030.0,33513.0
2018-07-13,48297.0,56667.0,40168.0,32846.0
2018-07-14,41987.0,47147.0,33882.0,30036.0
2018-07-15,40200.0,43355.0,29687.0,29542.0
2018-07-16,47076.0,55817.0,38739.0,33720.0
2018-07-17,48164.0,57177.0,39868.0,33322.0
2018-07-18,48840.0,57368.0,40705.0,33512.0
2018-07-19,49180.0,56954.0,41199.0,33742.0
2018-07-20,47822.0,55808.0,41606.0,32718.0
2018-07-21,41616.0,47095.0,33485.0,29600.0
2018-07-22,39354.0,44041.0,29935.0,29202.0
2018-07-23,47310.0,56893.0,38836.0,33779.0
2018-07-24,48961.0,58251.0,40127.0,33411.0
2018-07-25,49432.0,59079.0,40740.0,33436.0
2018-07-26,49971.0,59161.0,41079.0,33793.0
2018-07-27,48740.0,58273.0,40373.0,32501.0
2018-07-28,41943.0,49421.0,34439.0,26438.0
2018-07-29,39738.0,44682.0,30789.0,26150.0
2018-07-30,46503.0,57144.0,41455.0,31936.0
2018-07-31,47828.0,58574.0,43168.0,32192.0
2018-08-01,47664.0,58181.0,44200.0,31842.0
2018-08-02,47924.0,58490.0,42925.0,32400.0
2018-08-03,47482.0,57602.0,41246.0,31977.0
2018-08-04,42980.0,49760.0,34332.0,29505.0
2018-08-05,40385.0,45019.0,30732.0,28781.0
2018-08-06,45792.0,56955.0,37114.0,31381.0
2018-08-07,45856.0,58472.0,37197.0,31808.0
2018-08-08,44348.0,59323.0,36693.0,32276.0
2018-08-09,42581.0,58586.0,35602.0,32548.0
2018-08-10,41574.0,56578.0,34066.0,31526.0
2018-08-11,38346.0,47183.0,30160.0,29026.0
2018-08-12,36035.0,42935.0,27015.0,28426.0
2018-08-13,40947.0,55763.0,29755.0,32207.0
2018-08-14,41363.0,56353.0,27835.0,32034.0
2018-08-15,38378.0,54724.0,23829.0,32182.0
2018-08-16,42250.0,56619.0,26955.0,32300.0
2018-08-17,41849.0,55941.0,27908.0,31812.0
2018-08-18,38975.0,48803.0,27193.0,28296.0
2018-08-19,37586.0,44936.0,25826.0,28167.0
2018-08-20,43969.0,57064.0,31323.0,32019.0
2018-08-21,45409.0,57501.0,32897.0,32088.0
2018-08-22,45794.0,58667.0,33477.0,32124.0
2018-08-23,45572.0,59445.0,33766.0,31851.0
2018-08-24,43918.0,57751.0,33522.0,30911.0
2018-08-25,39226.0,48110.0,29465.0,28220.0
2018-08-26,37043.0,44016.0,25910.0,28278.0
2018-08-27,44505.0,58400.0,33443.0,26848.0
2018-08-28,46472.0,57846.0,35474.0,31614.0
2018-08-29,46370.0,58521.0,36863.0,32118.0
2018-08-30,46315.0,58703.0,37900.0,32342.0
2018-08-31,45685.0,56162.0,36889.0,31559.0
2018-09-01,40691.0,47716.0,29864.0,29185.0
2018-09-02,38662.0,44762.0,26374.0,28504.0
2018-09-03,45867.0,57603.0,35085.0,31354.0
2018-09-04,47160.0,58423.0,37037.0,31481.0
2018-09-05,47515.0,58218.0,37968.0,32000.0
2018-09-06,47213.0,58792.0,38278.0,31937.0
2018-09-07,46391.0,57691.0,37908.0,31254.0
2018-09-08,41075.0,48918.0,30814.0,29338.0
2018-09-09,39080.0,44701.0,27165.0,27628.0
2018-09-10,46415.0,57728.0,36459.0,31032.0
2018-09-11,47936.0,59781.0,38272.0,31335.0
2018-09-12,48020.0,59288.0,38856.0,32722.0
2018-09-13,47676.0,58615.0,38496.0,31368.0
2018-09-14,46937.0,57351.0,38408.0,31213.0
2018-09-15,41539.0,48499.0,31719.0,30096.0
2018-09-16,39509.0,44579.0,27630.0,27100.0
2018-09-17,46806.0,57308.0,37097.0,31729.0
2018-09-18,47518.0,60657.0,38570.0,31075.0
2018-09-19,47899.0,60430.0,38174.0,31238.0
2018-09-20,47671.0,60315.0,38402.0,32744.0
2018-09-21,46755.0,60773.0,37898.0,30678.0
2018-09-22,41351.0,50301.0,31502.0,30488.0
2018-09-23,39678.0,46443.0,27835.0,30950.0
2018-09-24,46635.0,59326.0,36707.0,34019.0
2018-09-25,47997.0,58629.0,36686.0,34626.0
2018-09-26,48690.0,60498.0,35730.0,33637.0
2018-09-27,48520.0,59433.0,35571.0,33571.0
2018-09-28,47486.0,59273.0,35404.0,33293.0
2018-09-29,42391.0,49763.0,29705.0,29941.0
2018-09-30,40934.0,45945.0,26052.0,30263.0
2018-10-01,48467.0,59009.0,34670.0,34093.0
2018-10-02,50293.0,60577.0,35543.0,31959.0
2018-10-03,50053.0,49950.0,35430.0,34077.0
2018-10-04,50100.0,57854.0,35342.0,33233.0
2018-10-05,48410.0,57430.0,35053.0,33596.0
2018-10-06,42379.0,49325.0,29129.0,31219.0
2018-10-07,41202.0,45865.0,25857.0,31004.0
2018-10-08,49112.0,58545.0,34289.0,33478.0
2018-10-09,49294.0,59331.0,35839.0,32597.0
2018-10-10,48742.0,59098.0,35863.0,34580.0
2018-10-11,48089.0,60292.0,35874.0,33260.0
2018-10-12,47372.0,58500.0,35149.0,32555.0
2018-10-13,42634.0,49294.0,29020.0,29193.0
2018-10-14,40461.0,45884.0,25425.0,30680.0
2018-10-15,46835.0,57575.0,34365.0,34226.0
2018-10-16,48380.0,58570.0,36100.0,33879.0
2018-10-17,48658.0,58627.0,36150.0,33375.0
2018-10-18,48217.0,59559.0,35784.0,34831.0
2018-10-19,48312.0,57924.0,35618.0,33503.0
2018-10-20,43529.0,50499.0,29062.0,31629.0
2018-10-21,41877.0,47581.0,25527.0,30555.0
2018-10-22,49965.0,61017.0,33798.0,34271.0
2018-10-23,52128.0,63892.0,35453.0,33925.0
2018-10-24,52189.0,62779.0,35372.0,33411.0
2018-10-25,51722.0,62200.0,35514.0,34036.0
2018-10-26,52868.0,60380.0,35377.0,33996.0
2018-10-27,50785.0,51905.0,29676.0,33415.0
2018-10-28,52289.0,48620.0,26606.0,33562.0
2018-10-29,63274.0,62371.0,34465.0,37584.0
2018-10-30,63580.0,62840.0,34823.0,37328.0
2018-10-31,61559.0,58401.0,34685.0,36909.0
2018-11-01,52978.0,53218.0,26590.0,38040.0
2018-11-02,56335.0,56623.0,30053.0,37019.0
2018-11-03,55474.0,50848.0,27680.0,32315.0
2018-11-04,52345.0,47122.0,25666.0,33005.0
2018-11-05,56606.0,59883.0,34192.0,35635.0
2018-11-06,56664.0,61190.0,35930.0,36220.0
2018-11-07,58204.0,61991.0,36178.0,36361.0
2018-11-08,58984.0,61521.0,36018.0,36419.0
2018-11-09,57392.0,60967.0,35588.0,37113.0
2018-11-10,51027.0,53142.0,29844.0,33507.0
2018-11-11,48029.0,48450.0,26176.0,33728.0
2018-11-12,55066.0,60542.0,34286.0,35385.0
2018-11-13,56187.0,62689.0,36081.0,36498.0
2018-11-14,57579.0,62722.0,36158.0,36307.0
2018-11-15,57884.0,63157.0,36356.0,36952.0
2018-11-16,58868.0,63017.0,36400.0,37036.0
2018-11-17,55864.0,55753.0,30694.0,34632.0
2018-11-18,56166.0,49993.0,27335.0,34395.0
2018-11-19,68177.0,64498.0,36622.0,36343.0
2018-11-20,71456.0,66169.0,38191.0,37608.0
2018-11-21,71183.0,65516.0,37857.0,37492.0
2018-11-22,69670.0,65446.0,37644.0,38728.0
2018-11-23,67843.0,63409.0,37190.0,37270.0
2018-11-24,59818.0,54753.0,30736.0,36303.0
2018-11-25,58623.0,51081.0,27133.0,36284.0
2018-11-26,67192.0,63571.0,35772.0,38435.0
2018-11-27,68206.0,64873.0,37685.0,39161.0
2018-11-28,65704.0,67615.0,37945.0,39301.0
2018-11-29,63210.0,67322.0,37571.0,37730.0
2018-11-30,62387.0,65412.0,38420.0,36039.0
2018-12-01,57558.0,55955.0,32087.0,35358.0
2018-12-02,52858.0,51907.0,28600.0,32928.0
2018-12-03,57598.0,64219.0,37189.0,36616.0
2018-12-04,59537.0,65178.0,38620.0,39982.0
2018-12-05,61042.0,65787.0,38558.0,40128.0
2018-12-06,59643.0,65886.0,38079.0,38589.0
2018-12-07,59788.0,65010.0,37707.0,37250.0
2018-12-08,56700.0,57269.0,29225.0,34391.0
2018-12-09,54396.0,52910.0,27986.0,34827.0
2018-12-10,63595.0,66589.0,37229.0,39474.0
2018-12-11,68193.0,66507.0,39241.0,40418.0
2018-12-12,71377.0,65646.0,39153.0,37586.0
2018-12-13,74425.0,66393.0,39867.0,39528.0
2018-12-14,75957.0,65629.0,39429.0,35913.0
2018-12-15,70874.0,57691.0,33730.0,34238.0
2018-12-16,64313.0,54250.0,29893.0,37347.0
2018-12-17,68407.0,63751.0,38633.0,40064.0
2018-12-18,69658.0,64858.0,40052.0,39204.0
2018-12-19,67167.0,65384.0,39731.0,40284.0
2018-12-20,66398.0,62982.0,38511.0,39598.0
2018-12-21,62925.0,59759.0,35954.0,37596.0
2018-12-22,54525.0,51616.0,29731.0,34123.0
2018-12-23,51876.0,47510.0,27041.0,34059.0
2018-12-24,53838.0,47115.0,26877.0,35051.0
2018-12-25,54192.0,45731.0,23521.0,32495.0
2018-12-26,65141.0,46966.0,24535.0,30862.0
2018-12-27,68562.0,52772.0,29873.0,33922.0
2018-12-28,68166.0,52653.0,30098.0,34347.0
2018-12-29,64668.0,51144.0,27508.0,32067.0
2018-12-30,61141.0,47149.0,25537.0,31835.0
2018-12-31,62116.0,47838.0,27508.0,32225.0
2019-01-01,57831.0,45701.0,24030.0,30592.0
2019-01-02,65785.0,57815.0,31168.0,37440.0
2019-01-03,71853.0,60431.0,33084.0,39139.0
2019-01-04,74400.0,61072.0,34244.0,39922.0
2019-01-05,69720.0,54253.0,30212.0,37383.0
2019-01-06,67325.0,49533.0,27589.0,35323.0
2019-01-07,72955.0,62727.0,37309.0,37453.0
2019-01-08,71816.0,66351.0,39473.0,38627.0
2019-01-09,73676.0,66898.0,39328.0,40233.0
2019-01-10,77197.0,64724.0,39364.0,39065.0
2019-01-11,75971.0,66111.0,39089.0,38832.0
2019-01-12,67517.0,56443.0,32819.0,35548.0
2019-01-13,61161.0,53353.0,29089.0,34134.0
2019-01-14,67429.0,65870.0,37854.0,38783.0
2019-01-15,69932.0,66550.0,38880.0,38518.0
2019-01-16,71759.0,66137.0,39008.0,38754.0
2019-01-17,70658.0,66614.0,38959.0,40089.0
2019-01-18,74432.0,64161.0,38562.0,41494.0
2019-01-19,69526.0,55491.0,32554.0,38140.0
2019-01-20,66760.0,52141.0,28567.0,37862.0
2019-01-21,76651.0,65239.0,38242.0,39644.0
2019-01-22,78580.0,67886.0,39479.0,40273.0
2019-01-23,78206.0,68184.0,40164.0,40660.0
2019-01-24,79692.0,67271.0,40144.0,40840.0
2019-01-25,76666.0,66519.0,39793.0,37632.0
2019-01-26,66524.0,57823.0,33000.0,35203.0
2019-01-27,63927.0,52187.0,29162.0,35270.0
2019-01-28,73304.0,65188.0,37943.0,40789.0
2019-01-29,76002.0,65566.0,39304.0,42224.0
2019-01-30,76489.0,65913.0,39793.0,42165.0
2019-01-31,77500.0,65361.0,39951.0,43808.0
2019-02-01,73253.0,65322.0,39176.0,42559.0
2019-02-02,68425.0,55181.0,32332.0,38841.0
2019-02-03,68011.0,52089.0,28192.0,38790.0
2019-02-04,77504.0,64768.0,37426.0,39791.0
2019-02-05,74704.0,66285.0,38656.0,41267.0
2019-02-06,71373.0,65569.0,38669.0,40521.0
2019-02-07,69375.0,66687.0,38557.0,40377.0
2019-02-08,68511.0,65009.0,38305.0,39456.0
2019-02-09,61051.0,56538.0,31637.0,35564.0
2019-02-10,59090.0,51660.0,27849.0,36097.0
2019-02-11,69212.0,65704.0,36713.0,39830.0
2019-02-12,71338.0,65319.0,38198.0,39940.0
2019-02-13,71103.0,65532.0,38679.0,39918.0
2019-02-14,68968.0,63975.0,38108.0,40317.0
2019-02-15,65935.0,62838.0,37351.0,39723.0
2019-02-16,59369.0,53351.0,30781.0,34654.0
2019-02-17,55314.0,48873.0,27103.0,32785.0
2019-02-18,62314.0,61655.0,35870.0,37520.0
2019-02-19,64645.0,64291.0,37326.0,39747.0
2019-02-20,65277.0,63259.0,37532.0,38890.0
2019-02-21,64221.0,62967.0,37107.0,38875.0
2019-02-22,61630.0,62149.0,37019.0,38341.0
2019-02-23,54421.0,53279.0,31215.0,34803.0
2019-02-24,53375.0,48673.0,27495.0,34822.0
2019-02-25,60116.0,60448.0,36164.0,38312.0
2019-02-26,59238.0,61686.0,36920.0,37694.0
2019-02-27,58322.0,62042.0,36861.0,37372.0
2019-02-28,58087.0,61683.0,36409.0,37529.0
2019-03-01,58635.0,61426.0,36372.0,38468.0
2019-03-02,53817.0,52793.0,29962.0,34144.0
2019-03-03,51024.0,49295.0,26099.0,33105.0
2019-03-04,59760.0,61293.0,34880.0,37664.0
2019-03-05,61072.0,62495.0,35936.0,38541.0
2019-03-06,60898.0,62224.0,35818.0,39203.0
2019-03-07,60181.0,62921.0,35943.0,38895.0
2019-03-08,60739.0,61686.0,34742.0,39380.0
2019-03-09,54189.0,53507.0,28438.0,34116.0
2019-03-10,50432.0,48810.0,25413.0,35467.0
2019-03-11,60489.0,62409.0,34038.0,39082.0
2019-03-12,63032.0,62668.0,36076.0,40241.0
2019-03-13,63180.0,64461.0,36489.0,39099.0
2019-03-14,63960.0,64636.0,36374.0,38117.0
2019-03-15,60450.0,63394.0,35045.0,37493.0
2019-03-16,52387.0,53062.0,28746.0,35350.0
2019-03-17,51898.0,49923.0,25405.0,34754.0
2019-03-18,61932.0,62263.0,34196.0,37949.0
2019-03-19,62462.0,62413.0,36063.0,38508.0
2019-03-20,61443.0,61738.0,36537.0,36333.0
2019-03-21,59334.0,60868.0,35646.0,37294.0
2019-03-22,57258.0,59214.0,34907.0,36738.0
2019-03-23,51002.0,50523.0,28725.0,33720.0
2019-03-24,48447.0,46527.0,24843.0,32329.0
2019-03-25,56674.0,60616.0,32771.0,36451.0
2019-03-26,58578.0,61571.0,34861.0,37485.0
2019-03-27,58429.0,61024.0,35057.0,37505.0
2019-03-28,57249.0,60138.0,34965.0,35713.0
2019-03-29,55244.0,58190.0,34384.0,35922.0
2019-03-30,48767.0,49363.0,28451.0,33027.0
2019-03-31,46011.0,46513.0,24871.0,31638.0
2019-04-01,52288.0,58458.0,33126.0,35264.0
2019-04-02,54271.0,60766.0,34699.0,38940.0
2019-04-03,59745.0,60218.0,35592.0,38709.0
2019-04-04,61094.0,60713.0,35952.0,38152.0
2019-04-05,59548.0,59821.0,34824.0,35795.0
2019-04-06,53752.0,49465.0,28661.0,33755.0
2019-04-07,50772.0,45595.0,25745.0,32618.0
2019-04-08,56954.0,58303.0,33687.0,34707.0
2019-04-09,56791.0,60265.0,35034.0,35267.0
2019-04-10,56995.0,60373.0,35017.0,35712.0
2019-04-11,56986.0,60025.0,35439.0,36026.0
2019-04-12,57089.0,59506.0,34221.0,36482.0
2019-04-13,53015.0,51320.0,28728.0,33420.0
2019-04-14,52279.0,47572.0,25358.0,33020.0
2019-04-15,56801.0,58253.0,33654.0,35647.0
2019-04-16,56353.0,60046.0,34247.0,35310.0
2019-04-17,53715.0,59354.0,34065.0,34045.0
2019-04-18,51156.0,56974.0,33835.0,33320.0
2019-04-19,48738.0,44130.0,32122.0,29709.0
2019-04-20,43247.0,43534.0,25025.0,28056.0
2019-04-21,40848.0,39303.0,20933.0,26833.0
2019-04-22,41525.0,42215.0,21538.0,28388.0
2019-04-23,48184.0,56883.0,30624.0,31739.0
2019-04-24,49379.0,57845.0,31149.0,32821.0
2019-04-25,50975.0,58110.0,24453.0,33237.0
2019-04-26,50921.0,57526.0,28369.0,33240.0
2019-04-27,46272.0,48399.0,25603.0,30989.0
2019-04-28,46256.0,45378.0,23530.0,31107.0
2019-04-29,52271.0,58493.0,31778.0,35561.0
2019-04-30,51070.0,57001.0,31554.0,34930.0
2019-05-01,42732.0,44748.0,22460.0,34655.0
2019-05-02,50213.0,57559.0,31772.0,34683.0
2019-05-03,51198.0,57802.0,33059.0,35633.0
2019-05-04,48706.0,49817.0,27820.0,30661.0
2019-05-05,48797.0,46442.0,24422.0,31102.0
2019-05-06,55087.0,59732.0,32621.0,31877.0
2019-05-07,53334.0,59573.0,33778.0,34739.0
2019-05-08,47178.0,60234.0,34407.0,35564.0
2019-05-09,51963.0,59514.0,34083.0,34853.0
2019-05-10,51378.0,58353.0,33276.0,35315.0
2019-05-11,45348.0,49308.0,27279.0,31118.0
2019-05-12,43198.0,45451.0,24182.0,30564.0
2019-05-13,49508.0,57398.0,32779.0,31800.0
2019-05-14,49092.0,58925.0,33367.0,31771.0
2019-05-15,49130.0,59600.0,33884.0,33920.0
2019-05-16,49031.0,60477.0,33840.0,33595.0
2019-05-17,49525.0,58502.0,33269.0,33228.0
2019-05-18,44537.0,47843.0,27684.0,30810.0
2019-05-19,42568.0,44256.0,23977.0,30682.0
2019-05-20,49174.0,57873.0,32525.0,31528.0
2019-05-21,48731.0,59927.0,33958.0,30456.0
2019-05-22,48194.0,59286.0,33619.0,33079.0
2019-05-23,47591.0,58389.0,33293.0,32739.0
2019-05-24,46568.0,57342.0,33134.0,31945.0
2019-05-25,41384.0,47370.0,27316.0,28645.0
2019-05-26,39186.0,44430.0,24005.0,26738.0
2019-05-27,46138.0,57301.0,32928.0,28378.0
2019-05-28,47242.0,58032.0,34185.0,32377.0
2019-05-29,47748.0,56651.0,34186.0,33723.0
2019-05-30,41027.0,45760.0,33735.0,32644.0
2019-05-31,43337.0,50345.0,33063.0,31722.0
2019-06-01,40467.0,46878.0,26800.0,29166.0
2019-06-02,38114.0,44196.0,23344.0,27197.0
2019-06-03,45452.0,57963.0,32577.0,29935.0
2019-06-04,46190.0,59070.0,34888.0,32854.0
2019-06-05,46672.0,59873.0,35130.0,32246.0
2019-06-06,46329.0,58908.0,35138.0,32263.0
2019-06-07,45900.0,56262.0,35012.0,32286.0
2019-06-08,40939.0,47821.0,29266.0,28535.0
2019-06-09,38740.0,41801.0,26111.0,28568.0
2019-06-10,40994.0,43428.0,35869.0,33129.0
2019-06-11,47443.0,56464.0,37966.0,32134.0
2019-06-12,47460.0,58983.0,38412.0,34064.0
2019-06-13,47189.0,57345.0,37750.0,19842.0
2019-06-14,46922.0,57069.0,36692.0,33463.0
2019-06-15,41000.0,48493.0,31984.0,30056.0
2019-06-16,38862.0,44225.0,27765.0,28862.0
2019-06-17,46195.0,57342.0,37598.0,31541.0
2019-06-18,47233.0,59386.0,39989.0,32675.0
2019-06-19,46848.0,58771.0,40309.0,32783.0
2019-06-20,46643.0,49400.0,40086.0,30895.0
2019-06-21,46139.0,52432.0,40040.0,31529.0
2019-06-22,40884.0,46818.0,32914.0,29037.0
2019-06-23,39030.0,43640.0,28606.0,26974.0
2019-06-24,47821.0,58350.0,38487.0,31777.0
2019-06-25,49540.0,60520.0,41485.0,31629.0
2019-06-26,50392.0,61270.0,43251.0,32158.0
2019-06-27,50930.0,59967.0,44159.0,32755.0
2019-06-28,50109.0,57133.0,44404.0,31173.0
2019-06-29,45220.0,48516.0,36577.0,29749.0
2019-06-30,42277.0,45931.0,32193.0,26401.0
2019-07-01,48510.0,59623.0,41742.0,30617.0
2019-07-02,48939.0,58850.0,43514.0,32206.0
2019-07-03,48924.0,58511.0,43699.0,32207.0
2019-07-04,49378.0,58813.0,42974.0,31864.0
2019-07-05,49789.0,57693.0,43295.0,31626.0
2019-07-06,44057.0,48577.0,36630.0,28540.0
2019-07-07,41054.0,44190.0,32274.0,27944.0
2019-07-08,47683.0,56911.0,42622.0,31496.0
2019-07-09,46881.0,57718.0,43396.0,32210.0
2019-07-10,47970.0,57242.0,41607.0,33148.0
2019-07-11,48472.0,57516.0,39795.0,31696.0
2019-07-12,47812.0,57000.0,39768.0,32642.0
2019-07-13,42331.0,47675.0,32917.0,29250.0
2019-07-14,39370.0,43295.0,27943.0,28592.0
2019-07-15,46187.0,55961.0,36163.0,32428.0
2019-07-16,47849.0,57314.0,37696.0,32807.0
2019-07-17,48161.0,56790.0,38403.0,32218.0
2019-07-18,47863.0,57460.0,39035.0,31739.0
2019-07-19,47837.0,56158.0,39476.0,30868.0
2019-07-20,42292.0,47370.0,33057.0,28217.0
2019-07-21,40694.0,43532.0,30115.0,27816.0
2019-07-22,48879.0,55931.0,41057.0,29785.0
2019-07-23,50789.0,57251.0,43387.0,31517.0
2019-07-24,51417.0,58166.0,44383.0,24892.0
2019-07-25,53437.0,58767.0,45357.0,26429.0
2019-07-26,48135.0,57774.0,44601.0,31435.0
2019-07-27,40693.0,47573.0,35347.0,28913.0
2019-07-28,37310.0,43988.0,28993.0,27884.0
2019-07-29,44123.0,55715.0,38596.0,30500.0
2019-07-30,44529.0,57513.0,40254.0,30590.0
2019-07-31,44494.0,56720.0,40813.0,30123.0
2019-08-01,44756.0,55434.0,40980.0,30399.0
2019-08-02,44074.0,54378.0,39336.0,30273.0
2019-08-03,40197.0,45268.0,31720.0,29086.0
2019-08-04,38394.0,41717.0,28252.0,28490.0
2019-08-05,42972.0,53252.0,34960.0,31929.0
2019-08-06,43335.0,54825.0,35986.0,31019.0
2019-08-07,42802.0,55171.0,35496.0,30486.0
2019-08-08,43734.0,55276.0,35320.0,31269.0
2019-08-09,43372.0,54948.0,34847.0,30324.0
2019-08-10,38413.0,47183.0,31355.0,26705.0
2019-08-11,36772.0,43479.0,29131.0,26255.0
2019-08-12,40232.0,54126.0,32767.0,31199.0
2019-08-13,40662.0,54736.0,31742.0,31881.0
2019-08-14,41016.0,53902.0,28761.0,32461.0
2019-08-15,37236.0,54255.0,24395.0,31201.0
2019-08-16,39888.0,52547.0,27028.0,30784.0
2019-08-17,38232.0,45834.0,26304.0,25657.0
2019-08-18,36984.0,42685.0,25241.0,24686.0
2019-08-19,42084.0,54876.0,30697.0,30077.0
2019-08-20,42829.0,55231.0,32680.0,31586.0
2019-08-21,43080.0,54592.0,33170.0,32390.0
2019-08-22,43532.0,54849.0,33189.0,31124.0
2019-08-23,43752.0,54151.0,33379.0,31471.0
2019-08-24,40373.0,46007.0,30094.0,28650.0
2019-08-25,38767.0,43162.0,28116.0,28167.0
2019-08-26,46127.0,56785.0,37044.0,27174.0
2019-08-27,47111.0,58628.0,39039.0,31193.0
2019-08-28,47640.0,58632.0,39437.0,29862.0
2019-08-29,47568.0,57846.0,39656.0,29250.0
2019-08-30,47321.0,56222.0,39137.0,28629.0
2019-08-31,41556.0,47332.0,33254.0,26342.0
2019-09-01,38940.0,43198.0,29087.0,26055.0
2019-09-02,45233.0,54264.0,37749.0,30525.0
2019-09-03,46513.0,55634.0,38665.0,30713.0
2019-09-04,46739.0,56032.0,37965.0,30409.0
2019-09-05,46170.0,56909.0,38191.0,30768.0
2019-09-06,45809.0,55032.0,37406.0,30189.0
2019-09-07,40809.0,46067.0,29588.0,27873.0
2019-09-08,39140.0,43163.0,25806.0,28140.0
2019-09-09,46551.0,55351.0,33580.0,32336.0
2019-09-10,47260.0,56187.0,35380.0,32891.0
2019-09-11,47347.0,57038.0,36078.0,31508.0
2019-09-12,47408.0,57813.0,36537.0,32093.0
2019-09-13,46707.0,56942.0,36832.0,31505.0
2019-09-14,41252.0,46613.0,30386.0,28314.0
2019-09-15,39537.0,43494.0,26718.0,27535.0
2019-09-16,46502.0,55879.0,36319.0,31852.0
2019-09-17,46947.0,57167.0,37643.0,31189.0
2019-09-18,46548.0,56385.0,37926.0,32459.0
2019-09-19,46414.0,56644.0,36978.0,32241.0
2019-09-20,45938.0,55403.0,35748.0,31020.0
2019-09-21,40923.0,47263.0,29193.0,27372.0
2019-09-22,38487.0,43817.0,26040.0,28890.0
2019-09-23,45092.0,57425.0,35143.0,29435.0
2019-09-24,46307.0,58251.0,35911.0,30828.0
2019-09-25,46851.0,58297.0,36266.0,32285.0
2019-09-26,46961.0,58641.0,36098.0,31008.0
2019-09-27,46030.0,57714.0,35653.0,31728.0
2019-09-28,40796.0,48160.0,30584.0,28844.0
2019-09-29,39226.0,45317.0,25561.0,29395.0
2019-09-30,46169.0,57989.0,33895.0,33074.0
2019-10-01,47101.0,59552.0,35458.0,31527.0
2019-10-02,47495.0,57935.0,35336.0,32559.0
2019-10-03,49179.0,46054.0,34147.0,34165.0
2019-10-04,48529.0,51598.0,33673.0,32381.0
2019-10-05,43370.0,47028.0,27832.0,31634.0
2019-10-06,40955.0,46158.0,24780.0,29443.0
2019-10-07,48418.0,57720.0,32769.0,32095.0
2019-10-08,48962.0,59593.0,34086.0,31165.0
2019-10-09,49209.0,59453.0,34960.0,32743.0
2019-10-10,49230.0,59747.0,34486.0,33097.0
2019-10-11,48286.0,59253.0,34340.0,33077.0
2019-10-12,42425.0,49099.0,27934.0,31767.0
2019-10-13,40180.0,45860.0,24632.0,31404.0
2019-10-14,46927.0,57744.0,32957.0,35276.0
2019-10-15,48333.0,60053.0,34653.0,34719.0
2019-10-16,49184.0,60801.0,33983.0,34351.0
2019-10-17,49654.0,60136.0,33890.0,33769.0
2019-10-18,48844.0,59215.0,33827.0,34155.0
2019-10-19,44183.0,49508.0,28255.0,32397.0
2019-10-20,42838.0,45473.0,24725.0,31585.0
2019-10-21,50704.0,58757.0,33221.0,33142.0
2019-10-22,52993.0,59924.0,34198.0,33546.0
2019-10-23,52006.0,60705.0,34293.0,34776.0
2019-10-24,50542.0,60447.0,34612.0,35787.0
2019-10-25,50011.0,58939.0,33891.0,35662.0
2019-10-26,44019.0,50336.0,27782.0,33196.0
2019-10-27,43727.0,46282.0,24453.0,31647.0
2019-10-28,52187.0,59575.0,32523.0,37330.0
2019-10-29,53780.0,60976.0,34328.0,36449.0
2019-10-30,54280.0,60911.0,34334.0,33930.0
2019-10-31,53068.0,56957.0,33291.0,35555.0
2019-11-01,46422.0,51480.0,25002.0,37199.0
2019-11-02,45338.0,49431.0,25850.0,33927.0
2019-11-03,45936.0,45878.0,24570.0,33462.0
2019-11-04,53757.0,58892.0,32314.0,37847.0
2019-11-05,56543.0,60804.0,34412.0,36474.0
2019-11-06,57480.0,61910.0,34922.0,37128.0
2019-11-07,59267.0,62536.0,34792.0,38700.0
2019-11-08,61591.0,61390.0,34929.0,37785.0
2019-11-09,57180.0,52308.0,28661.0,38114.0
2019-11-10,55450.0,49275.0,25354.0,36037.0
2019-11-11,56600.0,62457.0,34196.0,38595.0
2019-11-12,64108.0,63297.0,36167.0,38960.0
2019-11-13,65910.0,62720.0,35902.0,39561.0
2019-11-14,68212.0,62386.0,36059.0,38868.0
2019-11-15,69164.0,61291.0,36116.0,37801.0
2019-11-16,63021.0,52492.0,30044.0,36377.0
2019-11-17,60644.0,49141.0,26584.0,36392.0
2019-11-18,68448.0,61681.0,35099.0,38409.0
2019-11-19,69385.0,63871.0,37182.0,39115.0
2019-11-20,70208.0,63255.0,36492.0,37750.0
2019-11-21,69045.0,63605.0,36353.0,39652.0
2019-11-22,64953.0,62836.0,36255.0,39947.0
2019-11-23,57720.0,53463.0,30193.0,35780.0
2019-11-24,55806.0,49440.0,26855.0,35995.0
2019-11-25,61438.0,62025.0,34729.0,38464.0
2019-11-26,60690.0,63437.0,35765.0,38026.0
2019-11-27,60116.0,64578.0,36460.0,38990.0
2019-11-28,60396.0,63979.0,36005.0,38526.0
2019-11-29,60986.0,61995.0,35755.0,40081.0
2019-11-30,58708.0,52174.0,29863.0,39252.0
2019-12-01,58794.0,50712.0,26621.0,37664.0
2019-12-02,68674.0,60857.0,35046.0,40265.0
2019-12-03,72545.0,64334.0,36662.0,39167.0
2019-12-04,73875.0,64572.0,37014.0,37964.0
2019-12-05,73283.0,66170.0,37226.0,37070.0
2019-12-06,70576.0,65329.0,36731.0,35835.0
2019-12-07,59741.0,54619.0,30463.0,33989.0
2019-12-08,56121.0,51535.0,25762.0,31670.0
2019-12-09,65032.0,63425.0,35159.0,38157.0
2019-12-10,68803.0,64794.0,37247.0,38814.0
2019-12-11,69528.0,65952.0,38292.0,38276.0
2019-12-12,70132.0,65697.0,39174.0,40773.0
2019-12-13,66970.0,63614.0,38968.0,40294.0
2019-12-14,59216.0,54623.0,31288.0,36822.0
2019-12-15,55525.0,50591.0,27419.0,36418.0
2019-12-16,62139.0,61330.0,35564.0,40035.0
2019-12-17,60348.0,61568.0,36299.0,40800.0
2019-12-18,60861.0,60789.0,36032.0,41661.0
2019-12-19,58883.0,59947.0,35582.0,37901.0
2019-12-20,57931.0,56428.0,33632.0,37863.0
2019-12-21,55236.0,50267.0,28024.0,35358.0
2019-12-22,54141.0,47528.0,25492.0,35677.0
2019-12-23,58329.0,50619.0,28526.0,36471.0
2019-12-24,54700.0,46354.0,25428.0,35542.0
2019-12-25,50363.0,43427.0,21475.0,32453.0
2019-12-26,57419.0,43446.0,22517.0,32034.0
2019-12-27,57274.0,48842.0,26930.0,35599.0
2019-12-28,56276.0,47555.0,25998.0,33939.0
2019-12-29,59341.0,45295.0,24878.0,32793.0
2019-12-30,65543.0,50002.0,28240.0,34063.0
2019-12-31,65994.0,46872.0,26504.0,35291.0
